{"cameraMode":{"drawMode":0,"name":"Shaded","section":"Shading Mode"},"sceneLighting":false,"audioPlay":false,"sceneViewState":{"showFog":true,"showMaterialUpdate":false,"showSkybox":false,"showFlares":true,"showImageEffects":true,"showParticleSystems":true},"in2DMode":false,"pivot":{"x":0.08499999344348908,"y":0.5976466536521912,"z":0.08921237289905548},"rotation":{"x":-0.000057403296523261815,"y":0.9992433190345764,"z":-0.0014990289928391576,"w":-0.03899073228240013},"size":0.6511490345001221,"orthographic":true}