{"cameraMode":{"drawMode":0,"name":"Shaded","section":"Shading Mode"},"sceneLighting":true,"audioPlay":false,"sceneViewState":{"showFog":true,"showMaterialUpdate":false,"showSkybox":true,"showFlares":true,"showImageEffects":true,"showParticleSystems":true},"in2DMode":false,"pivot":{"x":872.7476806640625,"y":120.3243408203125,"z":-8.177001953125},"rotation":{"x":-0.05542933940887451,"y":0.03893009573221207,"z":0.0021628455724567177,"w":0.9977014660835266},"size":1568.2412109375,"orthographic":true}