{"cameraMode":{"drawMode":0,"name":"Shaded","section":"Shading Mode"},"sceneLighting":false,"audioPlay":false,"sceneViewState":{"showFog":true,"showMaterialUpdate":false,"showSkybox":false,"showFlares":true,"showImageEffects":true,"showParticleSystems":true},"in2DMode":false,"pivot":{"x":-0.010420083999633789,"y":0.5297605991363525,"z":-0.0008355677127838135},"rotation":{"x":-0.020751828327775,"y":0.9751997590065002,"z":-0.19413244724273683,"w":-0.10425394773483277},"size":0.3576304018497467,"orthographic":true}